条文校正数,流年字母,流年岁数,基数,加数
1,福,1,1141,992
1,分,1,1141,992
1,粉,1,1141,992
1,方,1,1141,992
1,务,1,1141,992
1,勿,1,1141,992
1,娼,1,1141,992
1,问,1,1141,992
1,福,3,2196,992
1,分,3,2196,992
1,粉,3,2196,992
1,方,3,2196,992
1,务,3,2196,992
1,勿,3,2196,992
1,娼,3,2196,992
1,问,3,2196,992
1,福,5,3017,992
1,分,5,3017,992
1,粉,5,3017,992
1,方,5,3017,992
1,务,5,3017,992
1,勿,5,3017,992
1,娼,5,3017,992
1,问,5,3017,992
1,福,7,3696,992
1,分,7,3696,992
1,粉,7,3696,992
1,方,7,3696,992
1,务,7,3696,992
1,勿,7,3696,992
1,娼,7,3696,992
1,问,7,3696,992
1,福,9,4518,992
1,分,9,4518,992
1,粉,9,4518,992
1,方,9,4518,992
1,务,9,4518,992
1,勿,9,4518,992
1,娼,9,4518,992
1,问,9,4518,992
1,福,81,1319,992
1,分,81,1319,992
1,粉,81,1319,992
1,方,81,1319,992
1,务,81,1319,992
1,勿,81,1319,992
1,娼,81,1319,992
1,问,81,1319,992
1,福,83,3377,992
1,分,83,3377,992
1,粉,83,3377,992
1,方,83,3377,992
1,务,83,3377,992
1,勿,83,3377,992
1,娼,83,3377,992
1,问,83,3377,992
1,福,85,2428,992
1,分,85,2428,992
1,粉,85,2428,992
1,方,85,2428,992
1,务,85,2428,992
1,勿,85,2428,992
1,娼,85,2428,992
1,问,85,2428,992
1,福,87,1367,992
1,分,87,1367,992
1,粉,87,1367,992
1,方,87,1367,992
1,务,87,1367,992
1,勿,87,1367,992
1,娼,87,1367,992
1,问,87,1367,992
1,福,89,5181,992
1,分,89,5181,992
1,粉,89,5181,992
1,方,89,5181,992
1,务,89,5181,992
1,勿,89,5181,992
1,娼,89,5181,992
1,问,89,5181,992
1,福,91,1327,992
1,分,91,1327,992
1,粉,91,1327,992
1,方,91,1327,992
1,务,91,1327,992
1,勿,91,1327,992
1,娼,91,1327,992
1,问,91,1327,992
1,福,93,2155,992
1,分,93,2155,992
1,粉,93,2155,992
1,方,93,2155,992
1,务,93,2155,992
1,勿,93,2155,992
1,娼,93,2155,992
1,问,93,2155,992
1,福,95,3530,992
1,分,95,3530,992
1,粉,95,3530,992
1,方,95,3530,992
1,务,95,3530,992
1,勿,95,3530,992
1,娼,95,3530,992
1,问,95,3530,992
1,福,97,3642,992
1,分,97,3642,992
1,粉,97,3642,992
1,方,97,3642,992
1,务,97,3642,992
1,勿,97,3642,992
1,娼,97,3642,992
1,问,97,3642,992
1,福,99,3145,992
1,分,99,3145,992
1,粉,99,3145,992
1,方,99,3145,992
1,务,99,3145,992
1,勿,99,3145,992
1,娼,99,3145,992
1,问,99,3145,992
1,福,101,8436,992
1,分,101,8436,992
1,粉,101,8436,992
1,方,101,8436,992
1,务,101,8436,992
1,勿,101,8436,992
1,娼,101,8436,992
1,问,101,8436,992
1,福,103,3007,992
1,分,103,3007,992
1,粉,103,3007,992
1,方,103,3007,992
1,务,103,3007,992
1,勿,103,3007,992
1,娼,103,3007,992
1,问,103,3007,992
1,福,107,8517,992
1,分,107,8517,992
1,粉,107,8517,992
1,方,107,8517,992
1,务,107,8517,992
1,勿,107,8517,992
1,娼,107,8517,992
1,问,107,8517,992
2,器,2,7658,493
2,坷,2,7658,493
2,玄,2,7658,493
2,和,2,7658,493
2,器,4,8499,493
2,坷,4,8499,493
2,玄,4,8499,493
2,和,4,8499,493
2,器,6,6005,493
2,坷,6,6005,493
2,玄,6,6005,493
2,和,6,6005,493
2,器,8,5961,493
2,坷,8,5961,493
2,玄,8,5961,493
2,和,8,5961,493
2,器,10,8855,493
2,坷,10,8855,493
2,玄,10,8855,493
2,和,10,8855,493
2,器,82,4437,493
2,坷,82,4437,493
2,玄,82,4437,493
2,和,82,4437,493
2,器,84,8492,493
2,坷,84,8492,493
2,玄,84,8492,493
2,和,84,8492,493
2,器,86,7037,493
2,坷,86,7037,493
2,玄,86,7037,493
2,和,86,7037,493
2,器,90,7018,493
2,坷,90,7018,493
2,玄,90,7018,493
2,和,90,7018,493
2,器,92,8836,493
2,坷,92,8836,493
2,玄,92,8836,493
2,和,92,8836,493
2,器,94,8772,493
2,坷,94,8772,493
2,玄,94,8772,493
2,和,94,8772,493
2,器,98,11284,493
2,坷,98,11284,493
2,玄,98,11284,493
2,和,98,11284,493
2,器,104,8977,493
2,坷,104,8977,493
2,玄,104,8977,493
2,和,104,8977,493
3,忆,1,1753,655
3,召,1,1753,655
3,滞,1,1753,655
3,桃,1,1753,655
3,舌,1,1753,655
3,离,1,1753,655
3,誓,1,1753,655
3,绍,1,1753,655
3,忆,3,7601,655
3,召,3,7601,655
3,滞,3,7601,655
3,桃,3,7601,655
3,舌,3,7601,655
3,离,3,7601,655
3,誓,3,7601,655
3,绍,3,7601,655
3,忆,5,4752,655
3,召,5,4752,655
3,滞,5,4752,655
3,桃,5,4752,655
3,舌,5,4752,655
3,离,5,4752,655
3,誓,5,4752,655
3,绍,5,4752,655
3,忆,7,5571,655
3,召,7,5571,655
3,滞,7,5571,655
3,桃,7,5571,655
3,舌,7,5571,655
3,离,7,5571,655
3,誓,7,5571,655
3,绍,7,5571,655
3,忆,9,3924,655
3,召,9,3924,655
3,滞,9,3924,655
3,桃,9,3924,655
3,舌,9,3924,655
3,离,9,3924,655
3,誓,9,3924,655
3,绍,9,3924,655
3,忆,81,5400,655
3,召,81,5400,655
3,滞,81,5400,655
3,桃,81,5400,655
3,舌,81,5400,655
3,离,81,5400,655
3,誓,81,5400,655
3,绍,81,5400,655
3,忆,83,3202,655
3,召,83,3202,655
3,滞,83,3202,655
3,桃,83,3202,655
3,舌,83,3202,655
3,离,83,3202,655
3,誓,83,3202,655
3,绍,83,3202,655
3,忆,85,4099,655
3,召,85,4099,655
3,滞,85,4099,655
3,桃,85,4099,655
3,舌,85,4099,655
3,离,85,4099,655
3,誓,85,4099,655
3,绍,85,4099,655
3,忆,87,4993,655
3,召,87,4993,655
3,滞,87,4993,655
3,桃,87,4993,655
3,舌,87,4993,655
3,离,87,4993,655
3,誓,87,4993,655
3,绍,87,4993,655
3,忆,89,3536,655
3,召,89,3536,655
3,滞,89,3536,655
3,桃,89,3536,655
3,舌,89,3536,655
3,离,89,3536,655
3,誓,89,3536,655
3,绍,89,3536,655
3,忆,91,8000,655
3,召,91,8000,655
3,滞,91,8000,655
3,桃,91,8000,655
3,舌,91,8000,655
3,离,91,8000,655
3,誓,91,8000,655
3,绍,91,8000,655
3,忆,93,7214,655
3,召,93,7214,655
3,滞,93,7214,655
3,桃,93,7214,655
3,舌,93,7214,655
3,离,93,7214,655
3,誓,93,7214,655
3,绍,93,7214,655
3,忆,95,7068,655
3,召,95,7068,655
3,滞,95,7068,655
3,桃,95,7068,655
3,舌,95,7068,655
3,离,95,7068,655
3,誓,95,7068,655
3,绍,95,7068,655
3,忆,97,11058,655
3,召,97,11058,655
3,滞,97,11058,655
3,桃,97,11058,655
3,舌,97,11058,655
3,离,97,11058,655
3,誓,97,11058,655
3,绍,97,11058,655
3,忆,99,7115,655
3,召,99,7115,655
3,滞,99,7115,655
3,桃,99,7115,655
3,舌,99,7115,655
3,离,99,7115,655
3,誓,99,7115,655
3,绍,99,7115,655
3,忆,101,10716,655
3,召,101,10716,655
3,滞,101,10716,655
3,桃,101,10716,655
3,舌,101,10716,655
3,离,101,10716,655
3,誓,101,10716,655
3,绍,101,10716,655
3,忆,105,10376,655
3,召,105,10376,655
3,滞,105,10376,655
3,桃,105,10376,655
3,舌,105,10376,655
3,离,105,10376,655
3,誓,105,10376,655
3,绍,105,10376,655
4,龙,2,3105,169
4,吏,2,3105,169
4,鲁,2,3105,169
4,禄,2,3105,169
4,动,2,3105,169
4,弟,2,3105,169
4,社,2,3105,169
4,屯,2,3105,169
4,龙,4,5650,169
4,吏,4,5650,169
4,鲁,4,5650,169
4,禄,4,5650,169
4,动,4,5650,169
4,弟,4,5650,169
4,社,4,5650,169
4,屯,4,5650,169
4,龙,6,5456,169
4,吏,6,5456,169
4,鲁,6,5456,169
4,禄,6,5456,169
4,动,6,5456,169
4,弟,6,5456,169
4,社,6,5456,169
4,屯,6,5456,169
4,龙,8,8705,169
4,吏,8,8705,169
4,鲁,8,8705,169
4,禄,8,8705,169
4,动,8,8705,169
4,弟,8,8705,169
4,社,8,8705,169
4,屯,8,8705,169
4,龙,10,5852,169
4,吏,10,5852,169
4,鲁,10,5852,169
4,禄,10,5852,169
4,动,10,5852,169
4,弟,10,5852,169
4,社,10,5852,169
4,屯,10,5852,169
4,龙,82,4120,169
4,吏,82,4120,169
4,鲁,82,4120,169
4,禄,82,4120,169
4,动,82,4120,169
4,弟,82,4120,169
4,社,82,4120,169
4,屯,82,4120,169
4,龙,84,4529,169
4,吏,84,4529,169
4,鲁,84,4529,169
4,禄,84,4529,169
4,动,84,4529,169
4,弟,84,4529,169
4,社,84,4529,169
4,屯,84,4529,169
4,龙,86,5775,169
4,吏,86,5775,169
4,鲁,86,5775,169
4,禄,86,5775,169
4,动,86,5775,169
4,弟,86,5775,169
4,社,86,5775,169
4,屯,86,5775,169
4,龙,88,5708,169
4,吏,88,5708,169
4,鲁,88,5708,169
4,禄,88,5708,169
4,动,88,5708,169
4,弟,88,5708,169
4,社,88,5708,169
4,屯,88,5708,169
4,龙,90,3988,169
4,吏,90,3988,169
4,鲁,90,3988,169
4,禄,90,3988,169
4,动,90,3988,169
4,弟,90,3988,169
4,社,90,3988,169
4,屯,90,3988,169
4,龙,92,9070,169
4,吏,92,9070,169
4,鲁,92,9070,169
4,禄,92,9070,169
4,动,92,9070,169
4,弟,92,9070,169
4,社,92,9070,169
4,屯,92,9070,169
4,龙,94,4067,169
4,吏,94,4067,169
4,鲁,94,4067,169
4,禄,94,4067,169
4,动,94,4067,169
4,弟,94,4067,169
4,社,94,4067,169
4,屯,94,4067,169
4,龙,96,9101,169
4,吏,96,9101,169
4,鲁,96,9101,169
4,禄,96,9101,169
4,动,96,9101,169
4,弟,96,9101,169
4,社,96,9101,169
4,屯,96,9101,169
4,龙,98,9121,169
4,吏,98,9121,169
4,鲁,98,9121,169
4,禄,98,9121,169
4,动,98,9121,169
4,弟,98,9121,169
4,社,98,9121,169
4,屯,98,9121,169
4,龙,100,7816,169
4,吏,100,7816,169
4,鲁,100,7816,169
4,禄,100,7816,169
4,动,100,7816,169
4,弟,100,7816,169
4,社,100,7816,169
4,屯,100,7816,169
4,龙,102,9261,169
4,吏,102,9261,169
4,鲁,102,9261,169
4,禄,102,9261,169
4,动,102,9261,169
4,弟,102,9261,169
4,社,102,9261,169
4,屯,102,9261,169
5,神,1,6208,331
5,肾,1,6208,331
5,物,1,6208,331
5,尾,1,6208,331
5,神,3,1577,331
5,肾,3,1577,331
5,物,3,1577,331
5,尾,3,1577,331
5,神,5,2588,331
5,肾,5,2588,331
5,物,5,2588,331
5,尾,5,2588,331
5,神,7,1934,331
5,肾,7,1934,331
5,物,7,1934,331
5,尾,7,1934,331
5,神,9,8621,331
5,肾,9,8621,331
5,物,9,8621,331
5,尾,9,8621,331
5,神,81,2869,331
5,肾,81,2869,331
5,物,81,2869,331
5,尾,81,2869,331
5,神,83,3078,331
5,肾,83,3078,331
5,物,83,3078,331
5,尾,83,3078,331
5,神,85,2125,331
5,肾,85,2125,331
5,物,85,2125,331
5,尾,85,2125,331
5,神,87,10770,331
5,肾,87,10770,331
5,物,87,10770,331
5,尾,87,10770,331
5,神,89,1480,331
5,肾,89,1480,331
5,物,89,1480,331
5,尾,89,1480,331
5,神,91,3092,331
5,肾,91,3092,331
5,物,91,3092,331
5,尾,91,3092,331
5,神,93,5021,331
5,肾,93,5021,331
5,物,93,5021,331
5,尾,93,5021,331
5,神,95,1959,331
5,肾,95,1959,331
5,物,95,1959,331
5,尾,95,1959,331
5,神,97,4828,331
5,肾,97,4828,331
5,物,97,4828,331
5,尾,97,4828,331
5,神,101,9118,331
5,肾,101,9118,331
5,物,101,9118,331
5,尾,101,9118,331
5,神,107,3238,331
5,肾,107,3238,331
5,物,107,3238,331
5,尾,107,3238,331
6,等,2,3039,817
6,亶,2,3039,817
6,旦,2,3039,817
6,刀,2,3039,817
6,西,2,3039,817
6,萨,2,3039,817
6,訾,2,3039,817
6,省,2,3039,817
6,等,4,8067,817
6,亶,4,8067,817
6,旦,4,8067,817
6,刀,4,8067,817
6,西,4,8067,817
6,萨,4,8067,817
6,訾,4,8067,817
6,省,4,8067,817
6,等,6,7691,817
6,亶,6,7691,817
6,旦,6,7691,817
6,刀,6,7691,817
6,西,6,7691,817
6,萨,6,7691,817
6,訾,6,7691,817
6,省,6,7691,817
6,等,8,7437,817
6,亶,8,7437,817
6,旦,8,7437,817
6,刀,8,7437,817
6,西,8,7437,817
6,萨,8,7437,817
6,訾,8,7437,817
6,省,8,7437,817
6,等,10,6937,817
6,亶,10,6937,817
6,旦,10,6937,817
6,刀,10,6937,817
6,西,10,6937,817
6,萨,10,6937,817
6,訾,10,6937,817
6,省,10,6937,817
6,等,82,8108,817
6,亶,82,8108,817
6,旦,82,8108,817
6,刀,82,8108,817
6,西,82,8108,817
6,萨,82,8108,817
6,訾,82,8108,817
6,省,82,8108,817
6,等,84,8342,817
6,亶,84,8342,817
6,旦,84,8342,817
6,刀,84,8342,817
6,西,84,8342,817
6,萨,84,8342,817
6,訾,84,8342,817
6,省,84,8342,817
6,等,86,10364,817
6,亶,86,10364,817
6,旦,86,10364,817
6,刀,86,10364,817
6,西,86,10364,817
6,萨,86,10364,817
6,訾,86,10364,817
6,省,86,10364,817
6,等,88,5669,817
6,亶,88,5669,817
6,旦,88,5669,817
6,刀,88,5669,817
6,西,88,5669,817
6,萨,88,5669,817
6,訾,88,5669,817
6,省,88,5669,817
6,等,90,10854,817
6,亶,90,10854,817
6,旦,90,10854,817
6,刀,90,10854,817
6,西,90,10854,817
6,萨,90,10854,817
6,訾,90,10854,817
6,省,90,10854,817
6,等,92,10654,817
6,亶,92,10654,817
6,旦,92,10654,817
6,刀,92,10654,817
6,西,92,10654,817
6,萨,92,10654,817
6,訾,92,10654,817
6,省,92,10654,817
6,等,94,8443,817
6,亶,94,8443,817
6,旦,94,8443,817
6,刀,94,8443,817
6,西,94,8443,817
6,萨,94,8443,817
6,訾,94,8443,817
6,省,94,8443,817
6,等,98,10919,817
6,亶,98,10919,817
6,旦,98,10919,817
6,刀,98,10919,817
6,西,98,10919,817
6,萨,98,10919,817
6,訾,98,10919,817
6,省,98,10919,817
1,福,11,893,162
2,方,11,1912,318
3,神,11,401,681
4,桃,11,82,968
5,滞,11,1978,177
6,粉,11,1980,474
7,问,11,3159,630
8,物,11,2863,849
9,忆,11,2319,351
10,召,11,2347,525
11,勿,11,3441,786
12,分,11,1238,992
13,肾,11,590,492
14,舌,11,2832,699
15,离,11,2990,873
16,务,11,4194,187
17,娼,11,4012,373
18,尾,11,4511,200
19,誓,11,6051,184
20,绍,11,3363,168
1,福,13,918,162
2,方,13,2267,318
3,神,13,453,681
4,桃,13,529,968
5,滞,13,2062,177
6,粉,13,2225,474
7,问,13,2511,630
8,物,13,898,849
9,忆,13,2495,351
10,召,13,2822,525
11,勿,13,2930,786
12,分,13,1593,992
13,肾,13,642,492
14,舌,13,2698,699
15,离,13,2947,873
16,务,13,4632,187
17,娼,13,5054,373
18,尾,13,1779,200
19,誓,13,4655,184
20,绍,13,3229,168
1,福,15,1452,162
2,方,15,2293,318
3,神,15,349,681
4,桃,15,1214,968
5,滞,15,2766,177
6,粉,15,2591,474
7,问,15,3285,630
8,物,15,1414,849
9,忆,15,3099,351
10,召,15,3247,525
11,勿,15,3331,786
12,分,15,1619,992
13,肾,15,538,492
14,舌,15,3725,699
15,离,15,3914,873
16,务,15,4339,187
17,娼,15,5294,373
18,尾,15,2900,200
19,誓,15,5014,184
20,绍,15,4256,168
1,福,17,986,162
2,方,17,1617,318
3,神,17,624,681
4,桃,17,154,968
5,滞,17,1947,177
6,粉,17,2003,474
7,问,17,2675,630
8,物,17,1496,849
9,忆,17,3230,351
10,召,17,3196,525
11,勿,17,3354,786
12,分,17,943,992
13,肾,17,813,492
14,舌,17,4149,699
15,离,17,4502,873
16,务,17,4171,187
17,娼,17,4840,373
18,尾,17,2962,200
19,誓,17,5870,184
20,绍,17,4680,168
1,福,19,927,162
2,方,19,908,318
3,神,19,817,681
4,桃,19,46,968
5,滞,19,2035,177
6,粉,19,2036,474
7,问,19,2807,630
8,物,19,1912,849
9,忆,19,2705,351
10,召,19,3544,525
11,勿,19,3732,786
12,分,19,234,992
13,肾,19,1006,492
14,舌,19,4109,699
15,离,19,4009,873
16,务,19,4894,187
17,娼,19,5793,373
18,尾,19,3513,200
19,誓,19,5341,184
20,绍,19,4640,168
1,福,21,1329,162
2,方,21,2456,318
3,神,21,392,681
4,桃,21,281,968
5,滞,21,1352,177
6,粉,21,2856,474
7,问,21,3423,630
8,物,21,1192,849
9,忆,21,2065,351
10,召,21,2704,525
11,勿,21,3709,786
12,分,21,1782,992
13,肾,21,581,492
14,舌,21,4222,699
15,离,21,4134,873
16,务,21,4859,187
17,娼,21,4673,373
18,尾,21,2801,200
19,誓,21,5105,184
20,绍,21,4753,168
1,福,23,7486,162
2,方,23,7692,318
3,神,23,6798,681
4,桃,23,6680,968
5,滞,23,7833,177
6,粉,23,678,474
7,问,23,1642,630
8,物,23,7115,849
9,忆,23,809,351
10,召,23,3031,525
11,勿,23,1733,786
12,分,23,7018,992
13,肾,23,6987,492
14,舌,23,3421,699
15,离,23,5281,873
16,务,23,2523,187
17,娼,23,2818,373
18,尾,23,5866,200
19,誓,23,6706,184
20,绍,23,3952,168
1,福,25,1406,162
2,方,25,1610,318
3,神,25,7177,681
4,桃,25,5179,968
5,滞,25,7610,177
6,粉,25,1628,474
7,问,25,2053,630
8,物,25,7664,849
9,忆,25,7765,351
10,召,25,8006,525
11,勿,25,2470,786
12,分,25,936,992
13,肾,25,7366,492
14,舌,25,10828,699
15,离,25,11185,873
16,务,25,3295,187
17,娼,25,3412,373
18,尾,25,11239,200
19,誓,25,12067,184
20,绍,25,11359,168
1,福,27,1158,162
2,方,27,2104,318
3,神,27,657,681
4,桃,27,458,968
5,滞,27,1829,177
6,粉,27,2700,474
7,问,27,2727,630
8,物,27,1257,849
9,忆,27,2928,351
10,召,27,3235,525
11,勿,27,2870,786
12,分,27,1430,992
13,肾,27,846,492
14,舌,27,3554,699
15,离,27,4252,873
16,务,27,3991,187
17,娼,27,3828,373
18,尾,27,2830,200
19,誓,27,5361,184
20,绍,27,4085,168
1,福,29,1375,162
2,方,29,1386,318
3,神,29,767,681
4,桃,29,259,968
5,滞,29,1859,177
6,粉,29,1521,474
7,问,29,1879,630
8,物,29,2148,849
9,忆,29,2931,351
10,召,29,2876,525
11,勿,29,2427,786
12,分,29,712,992
13,肾,29,956,492
14,舌,29,3533,699
15,离,29,4399,873
16,务,29,3699,187
17,娼,29,3868,373
18,尾,29,3843,200
19,誓,29,5200,184
20,绍,29,4064,168
1,福,31,1728,162
2,方,31,1996,318
3,神,31,1197,681
4,桃,31,229,968
5,滞,31,1110,177
6,粉,31,2656,474
7,问,31,4039,630
8,物,31,2890,849
9,忆,31,1038,351
10,召,31,1579,525
11,勿,31,3904,786
12,分,31,1322,992
13,肾,31,1386,492
14,舌,31,1497,699
15,离,31,2534,873
16,务,31,4693,187
17,娼,31,6723,373
18,尾,31,3940,200
19,誓,31,3829,184
20,绍,31,2028,168
1,福,33,944,162
2,方,33,1813,318
3,神,33,560,681
4,桃,33,397,968
5,滞,33,1500,177
6,粉,33,2742,474
7,问,33,2837,630
8,物,33,1212,849
9,忆,33,1764,351
10,召,33,1761,525
11,勿,33,3215,786
12,分,33,1139,992
13,肾,33,749,492
14,舌,33,5132,699
15,离,33,5066,873
16,务,33,3837,187
17,娼,33,3966,373
18,尾,33,3008,200
19,誓,33,5755,184
20,绍,33,5663,168
1,福,35,913,162
2,方,35,1122,318
3,神,35,4803,681
4,桃,35,55,968
5,滞,35,2051,177
6,粉,35,2902,474
7,问,35,2897,630
8,物,35,5883,849
9,忆,35,2017,351
10,召,35,2859,525
11,勿,35,3493,786
12,分,35,448,992
13,肾,35,4992,492
14,舌,35,3362,699
15,离,35,3921,873
16,务,35,4129,187
17,娼,35,5823,373
18,尾,35,6826,200
19,誓,35,4980,184
20,绍,35,3893,168
1,福,37,916,162
2,方,37,1239,318
3,神,37,611,681
4,桃,37,475,968
5,滞,37,1703,177
6,粉,37,1758,474
7,问,37,1871,630
8,物,37,1374,849
9,忆,37,1744,351
10,召,37,2202,525
11,勿,37,3251,786
12,分,37,565,992
13,肾,37,800,492
14,舌,37,2485,699
15,离,37,2413,873
16,务,37,3921,187
17,娼,37,1971,373
18,尾,37,3303,200
19,誓,37,5852,184
20,绍,37,2944,168
1,福,39,910,162
2,方,39,1115,318
3,神,39,981,681
4,桃,39,669,968
5,滞,39,2027,177
6,粉,39,1757,474
7,问,39,1697,630
8,物,39,1416,849
9,忆,39,2040,351
10,召,39,2507,525
11,勿,39,2719,786
12,分,39,441,992
13,肾,39,1170,492
14,舌,39,3524,699
15,离,39,4041,873
16,务,39,3788,187
17,娼,39,4001,373
18,尾,39,2820,200
19,誓,39,5292,184
20,绍,39,4055,168
1,动,12,8997,584
2,弟,12,8815,776
3,器,12,5243,398
4,等,12,6015,364
5,旦,12,5864,544
6,鲁,12,4695,931
7,屯,12,7648,200
8,玄,12,5743,794
9,亶,12,5816,724
10,訾,12,6772,904
11,吏,12,3894,816
12,社,12,7771,392
13,坷,12,5278,596
14,西,12,9125,177
15,刀,12,5754,654
16,禄,12,4136,745
17,龙,12,4151,559
18,和,12,6207,330
19,萨,12,11756,345
20,省,12,11667,513
1,动,14,6894,584
2,弟,14,7018,776
3,器,14,2499,398
4,等,14,5388,364
5,旦,14,5847,544
6,鲁,14,5812,931
7,屯,14,6666,200
8,玄,14,3322,794
9,亶,14,5955,724
10,訾,14,6482,904
11,吏,14,4854,816
12,社,14,6828,392
13,坷,14,2919,596
14,西,14,8278,177
15,刀,14,5737,654
16,禄,14,5204,745
17,龙,14,5111,559
18,和,14,3786,330
19,萨,14,9023,345
20,省,14,8916,513
1,动,16,7083,584
2,弟,16,8141,776
3,器,16,5321,398
4,等,16,5826,364
5,旦,16,5407,544
6,鲁,16,5179,931
7,屯,16,7167,200
8,玄,16,6218,794
9,亶,16,5954,724
10,訾,16,6948,904
11,吏,16,5065,816
12,社,16,7145,392
13,坷,16,5614,596
14,西,16,8060,177
15,刀,16,5297,654
16,禄,16,5162,745
17,龙,16,5322,559
18,和,16,6682,330
19,萨,16,7964,345
20,省,16,8503,513
1,动,18,9128,584
2,弟,18,9631,776
3,器,18,3095,398
4,等,18,6258,364
5,旦,18,8482,544
6,鲁,18,6852,931
7,屯,18,8177,200
8,玄,18,4699,794
9,亶,18,9427,724
10,訾,18,9756,904
11,吏,18,343,816
12,社,18,8467,392
13,坷,18,3722,596
14,西,18,11841,177
15,刀,18,8372,654
16,禄,18,6314,745
17,龙,18,600,559
18,和,18,5163,330
19,萨,18,6519,345
20,省,18,11727,513
1,动,20,8806,584
2,弟,20,9641,776
3,器,20,3329,398
4,等,20,5796,364
5,旦,20,6584,544
6,鲁,20,7101,931
7,屯,20,8112,200
8,玄,20,8276,794
9,亶,20,7024,724
10,訾,20,7358,904
11,吏,20,6375,816
12,社,20,8789,392
13,坷,20,7728,596
14,西,20,8330,177
15,刀,20,6474,654
16,禄,20,6619,745
17,龙,20,6632,559
18,和,20,8740,330
19,萨,20,8731,345
20,省,20,9530,513
1,动,22,5855,584
2,弟,22,6179,776
3,器,22,3618,398
4,等,22,5310,364
5,旦,22,5431,544
6,鲁,22,5325,931
7,屯,22,6239,200
8,玄,22,5448,794
9,亶,22,5380,724
10,訾,22,5389,904
11,吏,22,4808,816
12,社,22,6563,392
13,坷,22,4518,596
14,西,22,6776,177
15,刀,22,5321,654
16,禄,22,5059,745
17,龙,22,5065,559
18,和,22,4082,330
19,萨,22,6897,345
20,省,22,9538,513
1,动,24,5562,584
2,弟,24,7166,776
3,器,24,8942,398
4,等,24,6780,364
5,旦,24,6883,544
6,鲁,24,3334,931
7,屯,24,4423,200
8,玄,24,11222,794
9,亶,24,7688,724
10,訾,24,8152,904
11,吏,24,2404,816
12,社,24,4735,392
13,坷,24,10696,596
14,西,24,9292,177
15,刀,24,6773,654
16,禄,24,3423,745
17,龙,24,2661,559
18,和,24,9406,330
19,萨,24,11703,345
20,省,24,11708,513
1,动,26,5450,584
2,弟,26,7400,776
3,器,26,3257,398
4,等,26,2373,364
5,旦,26,2731,544
6,鲁,26,4016,931
7,屯,26,5139,200
8,玄,26,5194,794
9,亶,26,3308,724
10,訾,26,4248,904
11,吏,26,3356,816
12,社,26,5493,392
13,坷,26,3479,596
14,西,26,5976,177
15,刀,26,2621,654
16,禄,26,3874,745
17,龙,26,2613,559
18,和,26,3721,330
19,萨,26,6693,345
20,省,26,7129,513
1,动,28,7301,584
2,弟,28,7253,776
3,器,28,5156,398
4,等,28,5522,364
5,旦,28,5359,544
6,鲁,28,6066,931
7,屯,28,7219,200
8,玄,28,5330,794
9,亶,28,5364,724
10,訾,28,5912,904
11,吏,28,4475,816
12,社,28,7022,392
13,坷,28,3633,596
14,西,28,6715,177
15,刀,28,5249,654
16,禄,28,5493,745
17,龙,28,4732,559
18,和,28,5554,330
19,萨,28,6553,345
20,省,28,6886,513
1,动,30,6181,584
2,弟,30,6430,776
3,器,30,5202,398
4,等,30,5263,364
5,旦,30,5296,544
6,鲁,30,4531,931
7,屯,30,5598,200
8,玄,30,7261,794
9,亶,30,5551,724
10,訾,30,5758,904
11,吏,30,3951,816
12,社,30,5739,392
13,坷,30,6578,596
14,西,30,6834,177
15,刀,30,5186,654
16,禄,30,4405,745
17,龙,30,4208,559
18,和,30,5666,330
19,萨,30,7399,345
20,省,30,7690,513
1,动,32,4923,584
2,弟,32,5268,776
3,器,32,4998,398
4,等,32,4561,364
5,旦,32,4710,544
6,鲁,32,10406,931
7,屯,32,4680,200
8,玄,32,6470,794
9,亶,32,5173,724
10,訾,32,5467,904
11,吏,32,7557,816
12,社,32,4651,392
13,坷,32,5416,596
14,西,32,6957,177
15,刀,32,4600,654
16,禄,32,8395,745
17,龙,32,7814,559
18,和,32,5462,330
19,萨,32,6831,345
20,省,32,8360,513
1,动,34,7679,584
2,弟,34,7956,776
3,器,34,3845,398
4,等,34,5588,364
5,旦,34,6801,544
6,鲁,34,6366,931
7,屯,34,7678,200
8,玄,34,5892,794
9,亶,34,6966,724
10,訾,34,7131,904
11,吏,34,3828,816
12,社,34,11186,392
13,坷,34,4483,596
14,西,34,8743,177
15,刀,34,6691,654
16,禄,34,4488,745
17,龙,34,4085,559
18,和,34,4309,330
19,萨,34,8562,345
20,省,34,8429,513
1,动,36,3859,584
2,弟,36,9444,776
3,器,36,6979,398
4,等,36,5064,364
5,旦,36,6057,544
6,鲁,36,6931,931
7,屯,36,8421,200
8,玄,36,8011,794
9,亶,36,6387,724
10,訾,36,6268,904
11,吏,36,5969,816
12,社,36,10166,392
13,坷,36,7913,596
14,西,36,7089,177
15,刀,36,5947,654
16,禄,36,6528,745
17,龙,36,6226,559
18,和,36,7443,330
19,萨,36,8160,345
20,省,36,8617,513
1,动,38,6060,584
2,弟,38,7200,776
3,器,38,3686,398
4,等,38,5695,364
5,旦,38,5624,544
6,鲁,38,3762,931
7,屯,38,4706,200
8,玄,38,4473,794
9,亶,38,5589,724
10,訾,38,5742,904
11,吏,38,2599,816
12,社,38,4778,392
13,坷,38,4490,596
14,西,38,7125,177
15,刀,38,5514,654
16,禄,38,3421,745
17,龙,38,2856,559
18,和,38,4150,330
19,萨,38,7457,345
20,省,38,8348,513
1,动,40,6587,584
2,弟,40,8906,776
3,器,40,3737,398
4,等,40,5633,364
5,旦,40,5755,544
6,鲁,40,4286,931
7,屯,40,5452,200
8,玄,40,7252,794
9,亶,40,6607,724
10,訾,40,7150,904
11,吏,40,3779,816
12,社,40,5670,392
13,坷,40,4446,596
14,西,40,8848,177
15,刀,40,5645,654
16,禄,40,4267,745
17,龙,40,4036,559
18,和,40,4201,330
19,萨,40,9274,345
20,省,40,9630,513
1,福,41,848,162
2,方,41,1545,318
3,神,41,1993,681
4,桃,41,506,968
5,滞,41,1970,177
6,粉,41,2630,474
7,问,41,2808,630
8,物,41,1936,849
9,忆,41,1882,351
10,召,41,2338,525
11,勿,41,3834,786
12,分,41,871,992
13,肾,41,2182,492
14,舌,41,3665,699
15,离,41,4420,873
16,务,41,4221,187
17,娼,41,4603,373
18,尾,41,2851,200
19,誓,41,5819,184
20,绍,41,4196,168
1,福,43,1024,162
2,方,43,2240,318
3,神,43,410,681
4,桃,43,581,968
5,滞,43,2865,177
6,粉,43,2505,474
7,问,43,2406,630
8,物,43,338,849
9,忆,43,2873,351
10,召,43,3249,525
11,勿,43,3224,786
12,分,43,1566,992
13,肾,43,599,492
14,舌,43,3319,699
15,离,43,4462,873
16,务,43,3901,187
17,娼,43,4050,373
18,尾,43,2755,200
19,誓,43,5163,184
20,绍,43,3850,168
1,福,45,1401,162
2,方,45,2024,318
3,神,45,407,681
4,桃,45,83,968
5,滞,45,1495,177
6,粉,45,2674,474
7,问,45,2592,630
8,物,45,444,849
9,忆,45,1654,351
10,召,45,1617,525
11,勿,45,2721,786
12,分,45,1350,992
13,肾,45,596,492
14,舌,45,1801,699
15,离,45,2181,873
16,务,45,4264,187
17,娼,45,4072,373
18,尾,45,1823,200
19,誓,45,3708,184
20,绍,45,2332,168
1,福,47,1041,162
2,方,47,2805,318
3,神,47,3254,681
4,桃,47,76,968
5,滞,47,1926,177
6,粉,47,3653,474
7,问,47,1808,630
8,物,47,4060,849
9,忆,47,2371,351
10,召,47,3135,525
11,勿,47,3683,786
12,分,47,2131,992
13,肾,47,3443,492
14,舌,47,3178,699
15,离,47,4362,873
16,务,47,4307,187
17,娼,47,4078,373
18,尾,47,801,200
19,誓,47,5231,184
20,绍,47,3709,168
1,福,49,6233,162
2,方,49,6372,318
3,神,49,7293,681
4,桃,49,5427,968
5,滞,49,6672,177
6,粉,49,6642,474
7,问,49,6718,630
8,物,49,7907,849
9,忆,49,6920,351
10,召,49,6805,525
11,勿,49,6969,786
12,分,49,5698,992
13,肾,49,7482,492
14,舌,49,7177,699
15,离,49,7749,873
16,务,49,7630,187
17,娼,49,750,373
18,尾,49,8645,200
19,誓,49,7975,184
20,绍,49,7708,168
1,福,51,876,162
2,方,51,847,318
3,神,51,345,681
4,桃,51,45,968
5,滞,51,1814,177
6,粉,51,1467,474
7,问,51,2503,630
8,物,51,518,849
9,忆,51,1871,351
10,召,51,2283,525
11,勿,51,3009,786
12,分,51,173,992
13,肾,51,534,492
14,舌,51,2567,699
15,离,51,3097,873
16,务,51,3890,187
17,娼,51,4092,373
18,尾,51,1634,200
19,誓,51,4561,184
20,绍,51,3098,168
1,福,53,1362,162
2,方,53,1638,318
3,神,53,496,681
4,桃,53,438,968
5,滞,53,1842,177
6,粉,53,2120,474
7,问,53,2760,630
8,物,53,578,849
9,忆,53,2021,351
10,召,53,2023,525
11,勿,53,3022,786
12,分,53,964,992
13,肾,53,685,492
14,舌,53,2228,699
15,离,53,4066,873
16,务,53,3625,187
17,娼,53,3935,373
18,尾,53,2146,200
19,誓,53,5224,184
20,绍,53,2759,168
1,福,55,1726,162
2,方,55,2093,318
3,神,55,450,681
4,桃,55,175,968
5,滞,55,1196,177
6,粉,55,2694,474
7,问,55,2591,630
8,物,55,636,849
9,忆,55,1457,351
10,召,55,1672,525
11,勿,55,2583,786
12,分,55,1419,992
13,肾,55,639,492
14,舌,55,2082,699
15,离,55,2454,873
16,务,55,3199,187
17,娼,55,3025,373
18,尾,55,2700,200
19,誓,55,3674,184
20,绍,55,2613,168
1,福,57,991,162
2,方,57,1511,318
3,神,57,580,681
4,桃,57,410,968
5,滞,57,1568,177
6,粉,57,1724,474
7,问,57,2452,630
8,物,57,876,849
9,忆,57,2016,351
10,召,57,2940,525
11,勿,57,2709,786
12,分,57,837,992
13,肾,57,769,492
14,舌,57,3301,699
15,离,57,3402,873
16,务,57,3335,187
17,娼,57,3222,373
18,尾,57,2361,200
19,誓,57,4846,184
20,绍,57,3832,168
1,福,59,877,162
2,方,59,905,318
3,神,59,509,681
4,桃,59,151,968
5,滞,59,1710,177
6,粉,59,2289,474
7,问,59,2857,630
8,物,59,2346,849
9,忆,59,2590,351
10,召,59,3300,525
11,勿,59,3101,786
12,分,59,231,992
13,肾,59,698,492
14,舌,59,4245,699
15,离,59,4355,873
16,务,59,3853,187
17,娼,59,4272,373
18,尾,59,3603,200
19,誓,59,4822,184
20,绍,59,4776,168
1,福,61,1537,162
2,方,61,2121,318
3,神,61,787,681
4,桃,61,112,968
5,滞,61,1689,177
6,粉,61,2913,474
7,问,61,2819,630
8,物,61,2240,849
9,忆,61,2018,351
10,召,61,3541,525
11,勿,61,3364,786
12,分,61,1447,992
13,肾,61,976,492
14,舌,61,4325,699
15,离,61,5656,873
16,务,61,4181,187
17,娼,61,4065,373
18,尾,61,3367,200
19,誓,61,5934,184
20,绍,61,4072,168
1,福,63,844,162
2,方,63,1220,318
3,神,63,713,681
4,桃,63,548,968
5,滞,63,1736,177
6,粉,63,1345,474
7,问,63,2566,630
8,物,63,576,849
9,忆,63,2492,351
10,召,63,3033,525
11,勿,63,3552,786
12,分,63,546,992
13,肾,63,902,492
14,舌,63,6637,699
15,离,63,7598,873
16,务,63,4371,187
17,娼,63,4703,373
18,尾,63,3264,200
19,誓,63,8755,184
20,绍,63,7163,168
1,福,65,935,162
2,方,65,1759,318
3,神,65,552,681
4,桃,65,417,968
5,滞,65,1747,177
6,粉,65,2414,474
7,问,65,3004,630
8,物,65,1586,849
9,忆,65,2526,351
10,召,65,3419,525
11,勿,65,3636,786
12,分,65,1085,992
13,肾,65,741,492
14,舌,65,4080,699
15,离,65,4126,873
16,务,65,4259,187
17,娼,65,4184,373
18,尾,65,2308,200
19,誓,65,5910,184
20,绍,65,4611,168
1,福,67,938,162
2,方,67,1549,318
3,神,67,533,681
4,桃,67,87,968
5,滞,67,1333,177
6,粉,67,3217,474
7,问,67,4003,630
8,物,67,1647,849
9,忆,67,1891,351
10,召,67,2463,525
11,勿,67,5142,786
12,分,67,875,992
13,肾,67,722,492
14,舌,67,2892,699
15,离,67,3311,873
16,务,67,5860,187
17,娼,67,5694,373
18,尾,67,2954,200
19,誓,67,5411,184
20,绍,67,3423,168
1,福,69,976,162
2,方,69,945,318
3,神,69,512,681
4,桃,69,10304,968
5,滞,69,10484,177
6,粉,69,1954,474
7,问,69,2419,630
8,物,69,1726,849
9,忆,69,9048,351
10,召,69,4873,525
11,勿,69,3239,786
12,分,69,271,992
13,肾,69,701,492
14,舌,69,6769,699
15,离,69,6550,873
16,务,69,4605,187
17,娼,69,4793,373
18,尾,69,2993,200
19,誓,69,3251,184
20,绍,69,7300,168
1,动,42,5836,584
2,弟,42,6072,776
3,器,42,3859,398
4,等,42,5993,364
5,旦,42,4544,544
6,鲁,42,4616,931
7,屯,42,5622,200
8,玄,42,4588,794
9,亶,42,5944,724
10,訾,42,6004,904
11,吏,42,4182,816
12,社,42,5785,392
13,坷,42,4024,596
14,西,42,7478,177
15,刀,42,4434,654
16,禄,42,4516,745
17,龙,42,4439,559
18,和,42,5052,330
19,萨,42,6563,345
20,省,42,7379,513
1,动,44,6187,584
2,弟,44,6184,776
3,器,44,3091,398
4,等,44,6266,364
5,旦,44,6279,544
6,鲁,44,4381,931
7,屯,44,5641,200
8,玄,44,3518,794
9,亶,44,6463,724
10,訾,44,6547,904
11,吏,44,3615,816
12,社,44,5840,392
13,坷,44,3042,596
14,西,44,7435,177
15,刀,44,6169,654
16,禄,44,4287,745
17,龙,44,3872,559
18,和,44,3982,330
19,萨,44,7421,345
20,省,44,7442,513
1,动,46,5278,584
2,弟,46,5155,776
3,器,46,2008,398
4,等,46,3741,364
5,旦,46,5302,544
6,鲁,46,4041,931
7,屯,46,5233,200
8,玄,46,4357,794
9,亶,46,5391,724
10,訾,46,6111,904
11,吏,46,3635,816
12,社,46,5457,392
13,坷,46,1937,596
14,西,46,7145,177
15,刀,46,5192,654
16,禄,46,4107,745
17,龙,46,3892,559
18,和,46,4821,330
19,萨,46,7447,345
20,省,46,7297,513
1,动,48,8878,584
2,弟,48,8560,776
3,器,48,1241,398
4,等,48,6518,364
5,旦,48,4842,544
6,鲁,48,4345,931
7,屯,48,5975,200
8,玄,48,2006,794
9,亶,48,6046,724
10,訾,48,6262,904
11,吏,48,3757,816
12,社,48,7159,392
13,坷,48,1702,596
14,西,48,7538,177
15,刀,48,4732,654
16,禄,48,3872,745
17,龙,48,4014,559
18,和,48,2470,330
19,萨,48,7568,345
20,省,48,7685,513
1,动,50,8263,584
2,弟,50,8190,776
3,器,50,8588,398
4,等,50,8076,364
5,旦,50,7843,544
6,鲁,50,2493,931
7,屯,50,3860,200
8,玄,50,9644,794
9,亶,50,8020,724
10,訾,50,7896,904
11,吏,50,794,816
12,社,50,4117,392
13,坷,50,8609,596
14,西,50,9073,177
15,刀,50,7733,654
16,禄,50,2110,745
17,龙,50,1051,559
18,和,50,10108,330
19,萨,50,11302,345
20,省,50,11402,513
1,动,52,5325,584
2,弟,52,5157,776
3,器,52,2408,398
4,等,52,4718,364
5,旦,52,7426,544
6,鲁,52,4109,931
7,屯,52,5014,200
8,玄,52,4776,794
9,亶,52,5063,724
10,訾,52,5751,904
11,吏,52,3722,816
12,社,52,5048,392
13,坷,52,3967,596
14,西,52,6622,177
15,刀,52,7316,654
16,禄,52,3838,745
17,龙,52,3979,559
18,和,52,5240,330
19,萨,52,6541,345
20,省,52,7843,513
1,动,54,5140,584
2,弟,54,5063,776
3,器,54,3316,398
4,等,54,7461,364
5,旦,54,7543,544
6,鲁,54,3886,931
7,屯,54,4933,200
8,玄,54,5656,794
9,亶,54,8132,724
10,訾,54,8052,904
11,吏,54,3680,816
12,社,54,5246,392
13,坷,54,3498,596
14,西,54,9039,177
15,刀,54,7433,654
16,禄,54,3938,745
17,龙,54,3937,559
18,和,54,6120,330
19,萨,54,8861,345
20,省,54,8779,513
1,动,56,4799,584
2,弟,56,4923,776
3,器,56,2925,398
4,等,56,3992,364
5,旦,56,4539,544
6,鲁,56,3872,931
7,屯,56,4783,200
8,玄,56,4345,794
9,亶,56,4433,724
10,訾,56,4401,904
11,吏,56,3290,816
12,社,56,4682,392
13,坷,56,3463,596
14,西,56,5129,177
15,刀,56,4429,654
16,禄,56,3865,745
17,龙,56,3547,559
18,和,56,4809,330
19,萨,56,5143,345
20,省,56,5158,513
1,动,58,5375,584
2,弟,58,5785,776
3,器,58,3598,398
4,等,58,5271,364
5,旦,58,5521,544
6,鲁,58,3711,931
7,屯,58,5252,200
8,玄,58,4269,794
9,亶,58,6066,724
10,訾,58,6762,904
11,吏,58,3095,816
12,社,58,5328,392
13,坷,58,3799,596
14,西,58,8270,177
15,刀,58,5411,654
16,禄,58,3708,745
17,龙,58,3352,559
18,和,58,4733,330
19,萨,58,8881,345
20,省,58,11202,513
1,动,60,6443,584
2,弟,60,6297,776
3,器,60,4689,398
4,等,60,5579,364
5,旦,60,5878,544
6,鲁,60,4540,931
7,屯,60,5319,200
8,玄,60,5275,794
9,亶,60,5961,724
10,訾,60,5961,904
11,吏,60,3906,816
12,社,60,6240,392
13,坷,60,4506,596
14,西,60,8048,177
15,刀,60,5768,654
16,禄,60,4485,745
17,龙,60,4163,559
18,和,60,5739,330
19,萨,60,8111,345
20,省,60,7973,513
1,动,62,6009,584
2,弟,62,6304,776
3,器,62,5271,398
4,等,62,6308,364
5,旦,62,6418,544
6,鲁,62,3827,931
7,屯,62,4656,200
8,玄,62,7643,794
9,亶,62,7876,724
10,訾,62,7947,904
11,吏,62,3743,816
12,社,62,4874,392
13,坷,62,5881,596
14,西,62,8732,177
15,刀,62,6308,654
16,禄,62,3901,745
17,龙,62,4000,559
18,和,62,8107,330
19,萨,62,8901,345
20,省,62,2858,513
1,动,64,8495,584
2,弟,64,8944,776
3,器,64,4270,398
4,等,64,1262,364
5,旦,64,11373,544
6,鲁,64,6144,931
7,屯,64,7239,200
8,玄,64,7639,794
9,亶,64,11744,724
10,訾,64,514,904
11,吏,64,4933,816
12,社,64,8465,392
13,坷,64,5164,596
14,西,64,2270,177
15,刀,64,11263,654
16,禄,64,6212,745
17,龙,64,5190,559
18,和,64,8103,330
19,萨,64,12535,345
20,省,64,11239,513
1,动,66,7708,584
2,弟,66,8800,776
3,器,66,3851,398
4,等,66,6105,364
5,旦,66,6136,544
6,鲁,66,4980,931
7,屯,66,7182,200
8,玄,66,5902,794
9,亶,66,6486,724
10,訾,66,7427,904
11,吏,66,4170,816
12,社,66,7025,392
13,坷,66,4539,596
14,西,66,8864,177
15,刀,66,6026,654
16,禄,66,4914,745
17,龙,66,4427,559
18,和,66,6366,330
19,萨,66,10286,345
20,省,66,11713,513
1,动,68,7908,584
2,弟,68,10211,776
3,器,68,4150,398
4,等,68,5095,364
5,旦,68,5715,544
6,鲁,68,6763,931
7,屯,68,8488,200
8,玄,68,10275,794
9,亶,68,5611,724
10,訾,68,5729,904
11,吏,68,6029,816
12,社,68,9327,392
13,坷,68,4589,596
14,西,68,7710,177
15,刀,68,5605,654
16,禄,68,6223,745
17,龙,68,6286,559
18,和,68,10739,330
19,萨,68,8365,345
20,省,68,8807,513
1,动,70,12403,584
2,弟,70,12159,776
3,器,70,4575,398
4,等,70,3178,364
5,旦,70,6653,544
6,鲁,70,5356,931
7,屯,70,7960,200
8,玄,70,7647,794
9,亶,70,11253,724
10,訾,70,5964,904
11,吏,70,4407,816
12,社,70,8483,392
13,坷,70,4957,596
14,西,70,11605,177
15,刀,70,6543,654
16,禄,70,5461,745
17,龙,70,4664,559
18,和,70,8111,330
19,萨,70,11933,345
20,省,70,11985,513
1,福,71,2856,162
2,方,71,3230,318
3,神,71,2637,681
4,桃,71,763,968
5,滞,71,1639,177
6,粉,71,3369,474
7,问,71,3367,630
8,物,71,5476,849
9,忆,71,1581,351
10,召,71,2729,525
11,勿,71,3538,786
12,分,71,2556,992
13,肾,71,2826,492
14,舌,71,2603,699
15,离,71,2806,873
16,务,71,5312,187
17,娼,71,5655,373
18,尾,71,3792,200
19,誓,71,3781,184
20,绍,71,3134,168
1,福,73,1347,162
2,方,73,1316,318
3,神,73,1410,681
4,桃,73,2829,968
5,滞,73,3641,177
6,粉,73,1827,474
7,问,73,2826,630
8,物,73,1594,849
9,忆,73,5152,351
10,召,73,5724,525
11,勿,73,3103,786
12,分,73,642,992
13,肾,73,1599,492
14,舌,73,5851,699
15,离,73,5744,873
16,务,73,3609,187
17,娼,73,3577,373
18,尾,73,3884,200
19,誓,73,6637,184
20,绍,73,6382,168
1,福,75,1658,162
2,方,75,2402,318
3,神,75,564,681
4,桃,75,413,968
5,滞,75,1585,177
6,粉,75,2612,474
7,问,75,2788,630
8,物,75,1529,849
9,忆,75,1580,351
10,召,75,1951,525
11,勿,75,3566,786
12,分,75,1728,992
13,肾,75,753,492
14,舌,75,2037,699
15,离,75,2819,873
16,务,75,4202,187
17,娼,75,5918,373
18,尾,75,3416,200
19,誓,75,3764,184
20,绍,75,2568,168
1,福,77,1261,162
2,方,77,2274,318
3,神,77,2247,681
4,桃,77,130,968
5,滞,77,1029,177
6,粉,77,2162,474
7,问,77,2804,630
8,物,77,2457,849
9,忆,77,1191,351
10,召,77,2411,525
11,勿,77,2950,786
12,分,77,1600,992
13,肾,77,2436,492
14,舌,77,2838,699
15,离,77,4723,873
16,务,77,3706,187
17,娼,77,4535,373
18,尾,77,3319,200
19,誓,77,5957,184
20,绍,77,3369,168
1,福,79,3231,162
2,方,79,3269,318
3,神,79,1121,681
4,桃,79,677,968
5,滞,79,1535,177
6,粉,79,3415,474
7,问,79,3363,630
8,物,79,738,849
9,忆,79,1437,351
10,召,79,1717,525
11,勿,79,3204,786
12,分,79,2595,992
13,肾,79,1310,492
14,舌,79,1630,699
15,离,79,2823,873
16,务,79,4204,187
17,娼,79,4138,373
18,尾,79,5376,200
19,誓,79,4427,184
20,绍,79,2161,168
1,动,72,8235,584
2,弟,72,8105,776
3,器,72,7191,398
4,等,72,3634,364
5,旦,72,3914,544
6,鲁,72,6160,931
7,屯,72,7385,200
8,玄,72,8203,794
9,亶,72,3883,724
10,訾,72,4574,904
11,吏,72,5763,816
12,社,72,7931,392
13,坷,72,7867,596
14,西,72,6011,177
15,刀,72,3804,654
16,禄,72,5814,745
17,龙,72,6020,559
18,和,72,8667,330
19,萨,72,5892,345
20,省,72,6179,513
1,动,74,7501,584
2,弟,74,11742,776
3,器,74,4117,398
4,等,74,7710,364
5,旦,74,7682,544
6,鲁,74,3826,931
7,屯,74,6320,200
8,玄,74,5335,794
9,亶,74,7483,724
10,訾,74,7486,904
11,吏,74,3359,816
12,社,74,6509,392
13,坷,74,4549,596
14,西,74,8281,177
15,刀,74,7572,654
16,禄,74,3754,745
17,龙,74,3616,559
18,和,74,5799,330
19,萨,74,8362,345
20,省,74,8204,513
1,动,76,3863,584
2,弟,76,3673,776
3,器,76,3543,398
4,等,76,4677,364
5,旦,76,4657,544
6,鲁,76,7223,931
7,屯,76,9369,200
8,玄,76,6216,794
9,亶,76,5360,724
10,訾,76,5321,904
11,吏,76,6511,816
12,社,76,10752,392
13,坷,76,4612,596
14,西,76,6269,177
15,刀,76,4547,654
16,禄,76,6582,745
17,龙,76,6768,559
18,和,76,6680,330
19,萨,76,7371,345
20,省,76,7905,513
1,动,78,5873,584
2,弟,78,6201,776
3,器,78,3716,398
4,等,78,7373,364
5,旦,78,11428,544
6,鲁,78,4418,931
7,屯,78,5457,200
8,玄,78,5031,794
9,亶,78,11814,724
10,訾,78,12053,904
11,吏,78,4280,816
12,社,78,5591,392
13,坷,78,4122,596
14,西,78,0,177
15,刀,78,11318,654
16,禄,78,4486,745
17,龙,78,4537,559
18,和,78,5495,330
19,萨,78,0,345
20,省,78,0,513
1,动,80,7387,584
2,弟,80,7304,776
3,器,80,5991,398
4,等,80,6789,364
5,旦,80,6919,544
6,鲁,80,4797,931
7,屯,80,5551,200
8,玄,80,7703,794
9,亶,80,7782,724
10,訾,80,8746,904
11,吏,80,3658,816
12,社,80,6256,392
13,坷,80,7308,596
14,西,80,9493,177
15,刀,80,6809,654
16,禄,80,4810,745
17,龙,80,3915,559
18,和,80,8167,330
19,萨,80,0,345
20,省,80,0,513
