character,wuxing,frequency
清,水,high
波,水,high
涛,水,high
海,水,high
江,水,high
河,水,high
湖,水,high
洋,水,high
泉,水,medium
源,水,high
汉,水,medium
泽,水,high
润,水,high
浩,水,high
涵,水,high
淇,水,low
淋,水,low
沛,水,medium
滔,水,medium
湘,水,medium
浙,水,low
津,水,medium
洲,水,medium
滨,水,medium
浦,水,low
沧,水,low
深,水,medium
渊,水,low
汝,水,low
炎,火,high
炳,火,medium
炜,火,high
烨,火,high
煜,火,high
焕,火,medium
炯,火,medium
炫,火,medium
烁,火,medium
炽,火,low
烽,火,low
焜,火,low
煊,火,low
熳,火,low
熠,火,medium
炀,火,low
煦,火,medium
熙,火,high
熹,火,medium
曜,火,medium
晖,火,medium
旭,火,high
晨,火,high
景,火,high
光,火,high
辉,火,high
耀,火,high
林,木,high
森,木,medium
松,木,high
柏,木,medium
梅,木,high
兰,木,high
竹,木,high
菊,木,medium
花,木,medium
草,木,low
禾,木,low
米,木,low
麦,木,low
谷,木,low
梁,木,medium
栋,木,medium
材,木,medium
柱,木,medium
枝,木,medium
叶,木,high
根,木,low
梢,木,low
桢,木,low
楠,木,medium
樟,木,medium
桂,木,high
桐,木,medium
桑,木,low
梓,木,high
榆,木,low
锋,金,high
锐,金,high
钢,金,medium
铁,金,medium
铜,金,medium
银,金,medium
锡,金,medium
金,金,high
刚,金,high
利,金,high
剑,金,medium
钧,金,medium
铭,金,high
铮,金,medium
坤,土,medium
均,土,low
坦,土,low
坪,土,low
培,土,medium
基,土,medium
堂,土,high
塔,土,medium
坛,土,medium
城,土,high
堡,土,medium
堆,土,low
坟,土,low
墓,土,low
址,土,low
坚,土,high
圣,土,high
墨,土,medium
壁,土,medium
坊,土,low
埔,土,low
埕,土,low
堃,土,low
垚,土,low
坜,土,low
堑,土,low
垒,土,low
堵,土,low
墙,土,low
垣,土,low
明,火,high
华,木,high
玉,土,high
美,土,high
丽,火,high
珍,火,high
珠,金,high
玲,火,high
芳,木,high
红,火,high
艳,火,high
英,木,high
翠,金,high
凤,火,high
凰,火,medium
龙,火,high
虎,水,medium
豹,火,medium
彪,水,medium
勇,土,high
猛,水,medium
强,木,high
健,木,high
伟,土,high
杰,木,high
俊,火,high
帅,金,high
军,木,high
兵,水,high
雄,水,high
豪,水,high
侠,木,medium
义,木,high
忠,火,high
孝,水,medium
仁,金,high
德,火,high
智,火,high
慧,水,high
聪,金,high
敏,水,high
亮,火,high
鑫,金,high
淼,水,low
晶,火,high
磊,土,high
雯,水,medium
霞,水,high
云,水,high
雨,水,high
雪,水,high
霜,水,medium
冰,水,high
洁,水,high
萍,水,high
莎,木,medium
娜,火,high
婷,火,high
静,金,high
雅,木,high
琳,木,high
琪,木,medium
瑶,火,high
琼,木,medium
锦,金,high
绣,金,medium
彩,金,high
虹,木,medium
晴,火,high
月,木,high
星,火,high
日,火,high
阳,火,high
春,木,high
夏,火,high
秋,金,high
冬,水,high
